"celltype","gene","cells","mean_log1p_cp10k","detected_fraction","pseudobulk_log1p_cp10k","scaled"
"B/plasma","COL1A1",1516,0.819619652200859,0.355540897097625,2.90856734444934,0.122189767121924
"B/plasma","PDGFRA",1516,0.0393068505430482,0.0356200527704486,0.0922361565401887,0.0308861058983334
"B/plasma","KRT14",1516,0.343268145286855,0.24802110817942,0.716337928998347,0
"B/plasma","KRT10",1516,0.619628147339871,0.476253298153034,0.892566535571533,0.00731387230492239
"B/plasma","LYZ",1516,0.043452699785452,0.0329815303430079,0.203041585410936,0.0146878506933197
"B/plasma","CD3D",1516,0.0213062738589955,0.0158311345646438,0.037153779968908,0.0151247677324724
"B/plasma","MS4A1",1516,1.31279021471988,0.560026385224274,1.50769489000265,1
"B/plasma","PECAM1",1516,0.0749009177704166,0.0883905013192612,0.175007616816884,0.0274842479575325
"B/plasma","CCL21",1516,0.0509347420119211,0.0507915567282322,0.100378096289021,0.0103791603439715
"B/plasma","RGS5",1516,0.160370509850468,0.0817941952506596,0.568162679324631,0.0633576648751336
"B/plasma","TPSAB1",1516,0.0198808046476491,0.016490765171504,0.0533385395221083,0.00434649016676711
"B/plasma","PMEL",1516,0.00324686621128565,0.00527704485488127,0.00892514387094161,0.0014855937924662
"B/plasma","DCD",1516,0.022032948455948,0.0171503957783641,0.0342702544435928,0
"B/plasma","TIMP1",1516,0.744559797813342,0.397097625329815,2.15516258501786,0.179166461139154
"B/plasma","CHI3L1",1516,0.0877040327305699,0.0534300791556728,0.475382957216165,0.15204483625208
"B/plasma","FN1",1516,0.333039869627518,0.178100263852243,1.19935443760333,0.12666963992013
"B/plasma","DCN",1516,0.366577398615654,0.178100263852243,1.3542385082272,0.0479974433952996
"B/plasma","LUM",1516,0.380983611172925,0.178100263852243,1.39973066696564,0.0823453498258406
"Blood EC","COL1A1",7636,0.343307253853273,0.250654793085385,0.986448148561039,0
"Blood EC","PDGFRA",7636,0.0280503018843378,0.036537454164484,0.0459403756468497,0.0189438607810536
"Blood EC","KRT14",7636,0.492354729411969,0.400602409638554,0.874564527308639,0.0407830985478856
"Blood EC","KRT10",7636,0.790049625383812,0.626244106862232,1.10433577866592,0.0780443449662961
"Blood EC","LYZ",7636,0.0107898633697983,0.0117862755369303,0.013157550835949,0.00213690997967156
"Blood EC","CD3D",7636,0.00239968429821821,0.00261917234154007,0.00333538442900533,0.000932048427222439
"Blood EC","MS4A1",7636,0.000609379912963607,0.000785751702462022,0.000834889635898577,0.000464186818374202
"Blood EC","PECAM1",7636,2.18658675324517,0.906495547407019,2.50726333201143,1
"Blood EC","CCL21",7636,0.0220375936125211,0.0292037716081718,0.0278863178757242,2.56315591459448e-05
"Blood EC","RGS5",7636,0.0690680294097194,0.0540859088528025,0.401925307354381,0.0174438788656526
"Blood EC","TPSAB1",7636,0.00819248421879342,0.00838135149292824,0.00997296330908658,0.000854955337152414
"Blood EC","PMEL",7636,0.0111732674554622,0.0197747511786276,0.0185598954474596,0.00708319816850467
"Blood EC","DCD",7636,0.225490346470262,0.179282346778418,0.31890350229622,0.0821598104167497
"Blood EC","TIMP1",7636,1.18611790031554,0.757464641173389,1.48480306112928,0.376247355477746
"Blood EC","CHI3L1",7636,0.0111502970323707,0.0120481927710843,0.0191453520984609,0
"Blood EC","FN1",7636,0.706191502275399,0.418805657412258,1.4754334264732,0.327936096608828
"Blood EC","DCN",7636,0.207128178943638,0.150078575170246,0.821740135593845,0.00478867929494083
"Blood EC","LUM",7636,0.139299872548076,0.114457831325301,0.384450710630331,0.00320537375932977
"Fibro.","COL1A1",19410,4.24144381280351,0.987892838742916,5.2149648794891,1
"Fibro.","PDGFRA",19410,0.952776436676656,0.697166409067491,1.20169468859639,1
"Fibro.","KRT14",19410,0.501187663719515,0.424317362184441,0.831196625512441,0.0431993751863613
"Fibro.","KRT10",19410,1.17154388960228,0.804945904173107,1.37342807683335,0.23637690923861
"Fibro.","LYZ",19410,0.0147501124434528,0.0179804224626481,0.0274420149911455,0.0036586654911095
"Fibro.","CD3D",19410,0.0021592591459355,0.00262751159196291,0.00322365897795888,0.000751567082911169
"Fibro.","MS4A1",19410,0.000256785464734229,0.000412158681092221,0.000484211833690747,0.000195602817460839
"Fibro.","PECAM1",19410,0.0457321046409649,0.0703760947964966,0.0821995492890685,0.0140508433477045
"Fibro.","CCL21",19410,0.0265696247727105,0.0328181349819681,0.0373926534065649,0.00164940821773559
"Fibro.","RGS5",19410,0.0564455049678179,0.0487377640391551,0.143994431808965,0.0110963198143844
"Fibro.","TPSAB1",19410,0.00533042142387622,0.00587326120556414,0.00654389175353712,0
"Fibro.","PMEL",19410,0.003526558904152,0.00458526532715095,0.00531347835283928,0.0016831120600009
"Fibro.","DCD",19410,0.187816882923386,0.138021638330757,0.236800438751176,0.0669465782956161
"Fibro.","TIMP1",19410,2.58363050583878,0.95548686244204,3.56932646600869,1
"Fibro.","CHI3L1",19410,0.514644776590218,0.219938176197836,2.06112014119244,1
"Fibro.","FN1",19410,1.95221007347732,0.84925296239052,2.88318897319988,1
"Fibro.","DCN",19410,3.87966248533128,0.983101494075219,4.1685083753898,1
"Fibro.","LUM",19410,3.18338787819189,0.967233384853168,3.66325464393105,1
"Keratin.","COL1A1",10821,0.402276128444225,0.345439423343499,0.932062212808602,0.0151274522324155
"Keratin.","PDGFRA",10821,0.0160836846650749,0.0180205156639867,0.0203294137355414,0.00624829303733705
"Keratin.","KRT14",10821,3.99886542537247,0.889381757693374,5.64694484518294,1
"Keratin.","KRT10",10821,3.01145490531231,0.890860364106829,4.82377997868011,1
"Keratin.","LYZ",10821,0.00875987069433255,0.0125681545143702,0.0233191927269056,0.00135687001637247
"Keratin.","CD3D",10821,0.00226404110607502,0.00304962572775159,0.00248414803839126,0.000830224365004988
"Keratin.","MS4A1",10821,0.000152147474946123,0.000184825801681915,0.000426292454286379,0.000115896259158656
"Keratin.","PECAM1",10821,0.0188865831715564,0.0231032252102393,0.0329231281872269,0.00168740743209426
"Keratin.","CCL21",10821,0.0267616841580196,0.0414009795767489,0.0344347565330484,0.00171822097208458
"Keratin.","RGS5",10821,0.061875773335916,0.0500877922557989,0.160749529647211,0.0138270690626341
"Keratin.","TPSAB1",10821,0.00730414057987065,0.0093337029849367,0.00785714324967153,0.000589589344249946
"Keratin.","PMEL",10821,0.015282765341331,0.0264300896405138,0.0215820370400645,0.00998531511169634
"Keratin.","DCD",10821,0.332904040607956,0.278255244432123,0.366437264497871,0.125535420410026
"Keratin.","TIMP1",10821,0.34313883370547,0.299048147121338,0.642390079139246,0
"Keratin.","CHI3L1",10821,0.0570663428212823,0.0705110433416505,0.15759798222448,0.0911947353012363
"Keratin.","FN1",10821,0.098192077696523,0.101931429627576,0.177550753441676,0
"Keratin.","DCN",10821,0.667095177316489,0.494871084003327,1.13426637631581,0.129434040166096
"Keratin.","LUM",10821,0.255693489036017,0.205895943073653,0.485599519524641,0.0413187697021515
"Lymph EC","COL1A1",1420,0.959211652343958,0.476760563380282,1.83756829849015,0.157999697849617
"Lymph EC","PDGFRA",1420,0.0560370535918431,0.0464788732394366,0.0934943352944282,0.0486354349092259
"Lymph EC","KRT14",1420,0.575421300026894,0.384507042253521,1.42572427078805,0.0635062171658586
"Lymph EC","KRT10",1420,0.924020018510721,0.623239436619718,1.4933839164258,0.133646428326077
"Lymph EC","LYZ",1420,0.023943946852678,0.0169014084507042,0.0715671072191519,0.00719146555577203
"Lymph EC","CD3D",1420,0.00650486491165987,0.00492957746478873,0.00820956844247185,0.00401370818170308
"Lymph EC","MS4A1",1420,0.00113609068873226,0.000704225352112676,0.0073007153424473,0.000865401551591151
"Lymph EC","PECAM1",1420,0.827562806158689,0.473943661971831,1.3951024806317,0.374115138842426
"Lymph EC","CCL21",1420,2.81300947585455,0.734507042253521,4.83640193367335,1
"Lymph EC","RGS5",1420,0.19280107371702,0.103521126760563,0.538543051339181,0.0796662028507476
"Lymph EC","TPSAB1",1420,0.0076723432531485,0.00563380281690141,0.0073007153424473,0.000699578838970935
"Lymph EC","PMEL",1420,0.00794463705516748,0.00915492957746479,0.0154508090073013,0.00480314760071664
"Lymph EC","DCD",1420,0.355101843822333,0.229577464788732,0.510353662520276,0.134499298458015
"Lymph EC","TIMP1",1420,2.12178391343273,0.852112676056338,3.44373006957382,0.793863731719965
"Lymph EC","CHI3L1",1420,0.032385113355214,0.021830985915493,0.14787814645307,0.0421748741743725
"Lymph EC","FN1",1420,1.32336685446154,0.654929577464789,2.07949703397733,0.660821404944912
"Lymph EC","DCN",1420,0.908196193004779,0.361971830985916,2.39865445606787,0.19476942990749
"Lymph EC","LUM",1420,0.74494647887933,0.347183098591549,1.57265424624974,0.201525948418343
"Mast","COL1A1",1226,0.406073551280302,0.17536704730832,1.78220249674112,0.0161016158561495
"Mast","PDGFRA",1226,0.0428085180489476,0.0277324632952692,0.145666419539515,0.0346010786615263
"Mast","KRT14",1226,0.446012148081419,0.184339314845024,2.50073720357973,0.0281059413612864
"Mast","KRT10",1226,1.16494599325319,0.528548123980424,2.14442348072233,0.233638567025538
"Mast","LYZ",1226,0.0782756101080154,0.0391517128874388,0.419739065569438,0.0280688160624422
"Mast","CD3D",1226,0.0212885007656185,0.0106035889070147,0.0595516006886127,0.0151114259013253
"Mast","MS4A1",1226,0.00399722859869117,0.00163132137030995,0.013543543323897,0.00304483424226626
"Mast","PECAM1",1226,0.0467719771486999,0.0244698205546493,0.202931535519755,0.0145297462114256
"Mast","CCL21",1226,0.0313716825175823,0.0179445350734095,0.0973694618156984,0.00336993241620485
"Mast","RGS5",1226,0.127683737768707,0.0530179445350734,0.704421111145851,0.0469202860497405
"Mast","TPSAB1",1226,3.35294715711188,0.838499184339315,3.88849535299959,1
"Mast","PMEL",1226,0.0015808039429587,0.000815660685154976,0.00340312094851184,0.000309024860784712
"Mast","DCD",1226,0.348875224177541,0.156606851549755,0.820452057400934,0.131984875809607
"Mast","TIMP1",1226,1.40939297836809,0.596247960848287,2.17043635575509,0.475901855795506
"Mast","CHI3L1",1226,0.0143016232104352,0.00897226753670473,0.163192884079692,0.00625890909634574
"Mast","FN1",1226,0.179563414765268,0.0938009787928222,0.690846584499626,0.0438891840607384
"Mast","DCN",1226,0.505580779636968,0.17862969004894,2.39867530084954,0.0856656383984285
"Mast","LUM",1226,0.289820124369587,0.117455138662316,1.46647289184567,0.0524936262270315
"Melano.","COL1A1",1330,0.823699466165777,0.386466165413534,2.17620404478383,0.123236373340875
"Melano.","PDGFRA",1330,0.0487507961616781,0.0368421052631579,0.123373946611293,0.0409053326499246
"Melano.","KRT14",1330,0.849052624366701,0.372932330827068,3.56201056031321,0.138358916567527
"Melano.","KRT10",1330,1.05395786455807,0.590977443609023,1.96539525959026,0.187574873103209
"Melano.","LYZ",1330,0.00522872315780679,0.00300751879699248,0.010590269780722,0
"Melano.","CD3D",1330,0.00115807184289795,0.00075187969924812,0.0017728517641323,0
"Melano.","MS4A1",1330,0,0,0,0
"Melano.","PECAM1",1330,0.0220613430839049,0.018796992481203,0.0801023401978481,0.00314951129804066
"Melano.","CCL21",1330,0.0431520583896111,0.0323308270676692,0.0833726516055984,0.0075907108473959
"Melano.","RGS5",1330,0.126153822362472,0.0541353383458647,0.42794498671221,0.0461509289826005
"Melano.","TPSAB1",1330,0.00753872516466154,0.00601503759398496,0.0175886507569702,0.000659664446423396
"Melano.","PMEL",1330,1.41717777307772,0.429323308270677,3.5920241285217,1
"Melano.","DCD",1330,0.303511177578486,0.175187969924812,0.697959267329115,0.113666045898823
"Melano.","TIMP1",1330,0.997857996820348,0.500751879699248,2.12582765493816,0.292221199149328
"Melano.","CHI3L1",1330,0.0499265083941617,0.0225563909774436,0.248525445897981,0.0770141738114845
"Melano.","FN1",1330,0.572468927416378,0.335338345864662,1.11263426904339,0.255810273038973
"Melano.","DCN",1330,0.865452731039301,0.303007518796993,2.42453575230339,0.18318648099938
"Melano.","LUM",1330,0.566414676192427,0.229323308270677,1.61465796387916,0.143065239923247
"Myeloid","COL1A1",5691,0.366865749373425,0.261816903883325,1.11457165154409,0.006043527507024
"Myeloid","PDGFRA",5691,0.018048039415187,0.0177473203303462,0.041637820270787,0.00833230711966225
"Myeloid","KRT14",5691,0.46966051126745,0.321560358460727,0.672492058537623,0.0345750246256981
"Myeloid","KRT10",5691,0.602005743847716,0.450711649973643,0.859941888469992,0
"Myeloid","LYZ",5691,2.60765010023719,0.855034264628361,3.53289100402223,1
"Myeloid","CD3D",5691,0.00660585865910463,0.00650149358636443,0.0164292964026838,0.00408952174418938
"Myeloid","MS4A1",5691,0.00188170046005047,0.00175716042874714,0.00440760540520272,0.00143335960228191
"Myeloid","PECAM1",5691,0.424301796683241,0.358987875593042,0.625314825112416,0.188397321678941
"Myeloid","CCL21",5691,0.0237293185021619,0.0230188016165876,0.0413729613459469,0.000631757883405165
"Myeloid","RGS5",5691,0.0343797680536826,0.0281145668599543,0.112921530387537,0
"Myeloid","TPSAB1",5691,0.011574243096291,0.0100158144438587,0.0169723179927996,0.00186515427702673
"Myeloid","PMEL",5691,0.00325254597876436,0.00439290107186786,0.00687837276352687,0.00148960482979755
"Myeloid","DCD",5691,0.125018269810252,0.0834651203654894,0.21726811818013,0.0415873522455174
"Myeloid","TIMP1",5691,1.87200585786313,0.811983834124056,2.62260955861512,0.682380141454368
"Myeloid","CHI3L1",5691,0.0428178568699037,0.031980319803198,0.289468467427159,0.062895545280541
"Myeloid","FN1",5691,0.178715514647811,0.121419785626428,0.554781153263797,0.0434318529456218
"Myeloid","DCN",5691,0.286272568498519,0.208399226849411,0.840952322395843,0.0262358288336971
"Myeloid","LUM",5691,0.180022866637464,0.130029871727289,0.528438881577717,0.0165402253133826
"Mural","COL1A1",18780,2.09574100139926,0.814430244941427,3.82339826489007,0.449556787209608
"Mural","PDGFRA",18780,0.0101941543533167,0.0124600638977636,0.0245377289074634,0
"Mural","KRT14",18780,0.513611524940551,0.377742279020234,1.04843136234554,0.046597961045016
"Mural","KRT10",18780,1.02978881834522,0.699627263045793,1.28577459575701,0.177543930512928
"Mural","LYZ",18780,0.0123783772894098,0.0129392971246006,0.0205596250343807,0.00274730840845876
"Mural","CD3D",18780,0.00176085810296718,0.00212992545260916,0.00391837379338054,0.000452497059965386
"Mural","MS4A1",18780,0.000308850185479178,0.00053248136315229,0.000927547668029747,0.000235262406754822
"Mural","PECAM1",18780,0.0152226071736924,0.0181576144834931,0.0294015675418665,0
"Mural","CCL21",18780,0.0742778433080556,0.0662406815761448,0.137690128686877,0.0187427354572047
"Mural","RGS5",18780,2.02294329931844,0.724174653887114,2.83234692098942,1
"Mural","TPSAB1",18780,0.00749973184004909,0.00756123535676251,0.0102973236634746,0.000648016361325495
"Mural","PMEL",18780,0.0062429877867139,0.00990415335463259,0.0140348672348907,0.00360144722015913
"Mural","DCD",18780,0.230696183772189,0.154313099041534,0.333276253067764,0.0842620225258255
"Mural","TIMP1",18780,1.9141817072498,0.855644302449414,3.13802055220803,0.701204513761232
"Mural","CHI3L1",18780,0.0239348590833298,0.0233759318423855,0.0792244718935488,0.025391662808669
"Mural","FN1",18780,1.23518245802224,0.634984025559105,2.34584614225778,0.613257467248525
"Mural","DCN",18780,0.787794909161937,0.452076677316294,1.50394515196425,0.162142172893332
"Mural","LUM",18780,0.769635002606795,0.43013844515442,1.459717603481,0.209610270466762
"Gland","COL1A1",2870,1.10682492761134,0.477700348432056,1.91847907157643,0.19586734897858
"Gland","PDGFRA",2870,0.185984826038333,0.119512195121951,0.312682146698758,0.186499019747874
"Gland","KRT14",2870,1.2985513684807,0.482926829268293,3.46761649399296,0.261320695361573
"Gland","KRT10",2870,1.43082504733596,0.715679442508711,1.84582491170112,0.343987047638907
"Gland","LYZ",2870,0.0170373871430858,0.00731707317073171,0.0336802340934534,0.00453756800850272
"Gland","CD3D",2870,0.00976264804001718,0.00418118466898955,0.0119175452668189,0.0064592471483962
"Gland","MS4A1",2870,0.000681383993019878,0.000348432055749129,0.000570734345681803,0.000519034942049191
"Gland","PECAM1",2870,0.0502614838800316,0.0250871080139373,0.0758343139149954,0.016136803571033
"Gland","CCL21",2870,0.0395830375116916,0.0268292682926829,0.0667971248592319,0.00631197012590831
"Gland","RGS5",2870,0.340050227194399,0.129616724738676,0.823653302271096,0.153714203411095
"Gland","TPSAB1",2870,0.00967638380186248,0.00592334494773519,0.0102237097385088,0.00129822578900839
"Gland","PMEL",2870,0.00800894673727928,0.00696864111498258,0.0113532521505596,0.00484856293447546
"Gland","DCD",2870,2.49839452940765,0.852264808362369,6.99310579890304,1
"Gland","TIMP1",2870,1.09660331151717,0.53205574912892,1.40146643847473,0.336294255043705
"Gland","CHI3L1",2870,0.0218055427460546,0.0212543554006969,0.15662460165939,0.0211625869722366
"Gland","FN1",2870,0.446057161887533,0.246689895470383,0.688962695533623,0.187627674047744
"Gland","DCN",2870,1.6467038328025,0.487456445993031,2.92366282808434,0.39489585548656
"Gland","LUM",2870,0.962304468332064,0.368292682926829,1.72932139449137,0.272700393919021
"T cell","COL1A1",5761,0.350571280773939,0.193369206734942,1.57330086539497,0.00186346137720279
"T cell","PDGFRA",5761,0.0141725061126952,0.0123242492622809,0.0528879255428598,0.00422069439876629
"T cell","KRT14",5761,0.437051315865458,0.242319041833015,1.07146848825974,0.0256546778523718
"T cell","KRT10",5761,0.616606612879637,0.373025516403402,1.02933048776091,0.0060598369392634
"T cell","LYZ",5761,0.0253880130265783,0.0170109356014581,0.152643310720804,0.00774635885115413
"T cell","CD3D",5761,1.333291058774,0.647457038708558,1.80874934459895,1
"T cell","MS4A1",5761,0.0260094807829643,0.0171845165769832,0.0561607082033287,0.0198123664324495
"T cell","PECAM1",5761,0.0390168351087583,0.0258635653532373,0.0910209535704193,0.0109581932528984
"T cell","CCL21",5761,0.0219660548179959,0.0159694497483076,0.0477232422583233,0
"T cell","RGS5",5761,0.0381344283606472,0.0227391077937858,0.219051500443717,0.00188812690564462
"T cell","TPSAB1",5761,0.0108444093006138,0.00659607706995313,0.0195571344598309,0.00164713834112326
"T cell","PMEL",5761,0.00114321406049206,0.00104148585315049,0.00295806481523156,0
"T cell","DCD",5761,0.132628273393694,0.0741190765492102,0.296853751750151,0.0446604105751158
"T cell","TIMP1",5761,0.754690522181367,0.43100156222878,1.81028533708632,0.183688113459504
"T cell","CHI3L1",5761,0.0284264674093926,0.0182260024301337,0.265168429980711,0.0343125318716369
"T cell","FN1",5761,0.127145226819297,0.0732511716715848,0.850578079130755,0.0156164337070424
"T cell","DCN",5761,0.189456968189626,0.10553723311925,0.986075472346985,0
"T cell","LUM",5761,0.129511055917733,0.0723832667939594,0.789483473258485,0
