"gsm","arm","celltype","cells","fraction"
"GSM5050523","Healer","b_plasma",40,0.0101240192356365
"GSM5050523","Healer","endothelial",420,0.106302201974184
"GSM5050523","Healer","fibroblast",1238,0.313338395342951
"GSM5050523","Healer","keratinocyte",170,0.0430270817514553
"GSM5050523","Healer","lymphatic_ec",50,0.0126550240445457
"GSM5050523","Healer","mast",43,0.0108833206783093
"GSM5050523","Healer","melanocyte",14,0.00354340673247279
"GSM5050523","Healer","myeloid",97,0.0245507466464186
"GSM5050523","Healer","pericyte_smc",1599,0.404707668944571
"GSM5050523","Healer","t_cell",280,0.0708681346494558
"GSM5050527","Healer","b_plasma",28,0.00977312390924956
"GSM5050527","Healer","endothelial",155,0.0541012216404887
"GSM5050527","Healer","fibroblast",956,0.333682373472949
"GSM5050527","Healer","keratinocyte",311,0.108551483420593
"GSM5050527","Healer","lymphatic_ec",29,0.0101221640488656
"GSM5050527","Healer","mast",13,0.00453752181500873
"GSM5050527","Healer","melanocyte",8,0.00279232111692845
"GSM5050527","Healer","myeloid",443,0.154624781849913
"GSM5050527","Healer","pericyte_smc",843,0.294240837696335
"GSM5050527","Healer","sweat_gland",4,0.00139616055846422
"GSM5050527","Healer","t_cell",75,0.0261780104712042
"GSM5050530","Non-healer","b_plasma",536,0.235190873189996
"GSM5050530","Non-healer","endothelial",262,0.114962702939886
"GSM5050530","Non-healer","fibroblast",221,0.0969723562966213
"GSM5050530","Non-healer","keratinocyte",196,0.0860026327336551
"GSM5050530","Non-healer","lymphatic_ec",58,0.0254497586660816
"GSM5050530","Non-healer","mast",46,0.0201842913558578
"GSM5050530","Non-healer","melanocyte",44,0.0193067134708205
"GSM5050530","Non-healer","myeloid",60,0.0263273365511189
"GSM5050530","Non-healer","pericyte_smc",442,0.193944712593243
"GSM5050530","Non-healer","sweat_gland",14,0.00614304519526108
"GSM5050530","Non-healer","t_cell",400,0.175515577007459
"GSM5050531","Healer","b_plasma",28,0.0157746478873239
"GSM5050531","Healer","endothelial",211,0.11887323943662
"GSM5050531","Healer","fibroblast",452,0.254647887323944
"GSM5050531","Healer","keratinocyte",230,0.129577464788732
"GSM5050531","Healer","lymphatic_ec",34,0.0191549295774648
"GSM5050531","Healer","mast",6,0.00338028169014085
"GSM5050531","Healer","melanocyte",20,0.0112676056338028
"GSM5050531","Healer","myeloid",139,0.0783098591549296
"GSM5050531","Healer","pericyte_smc",318,0.179154929577465
"GSM5050531","Healer","sweat_gland",16,0.00901408450704225
"GSM5050531","Healer","t_cell",321,0.180845070422535
"GSM5050532","Healer","b_plasma",7,0.0028961522548614
"GSM5050532","Healer","endothelial",249,0.103020273065784
"GSM5050532","Healer","fibroblast",1153,0.477037649979313
"GSM5050532","Healer","keratinocyte",42,0.0173769135291684
"GSM5050532","Healer","lymphatic_ec",46,0.0190318576748035
"GSM5050532","Healer","mast",24,0.00992966487381051
"GSM5050532","Healer","melanocyte",28,0.0115846090194456
"GSM5050532","Healer","myeloid",471,0.194869673148531
"GSM5050532","Healer","pericyte_smc",317,0.13115432354158
"GSM5050532","Healer","sweat_gland",10,0.00413736036408771
"GSM5050532","Healer","t_cell",70,0.028961522548614
"GSM5050533","Non-healer","b_plasma",13,0.00303030303030303
"GSM5050533","Non-healer","endothelial",318,0.0741258741258741
"GSM5050533","Non-healer","fibroblast",843,0.196503496503496
"GSM5050533","Non-healer","keratinocyte",1861,0.433799533799534
"GSM5050533","Non-healer","lymphatic_ec",82,0.0191142191142191
"GSM5050533","Non-healer","mast",8,0.00186480186480186
"GSM5050533","Non-healer","melanocyte",342,0.0797202797202797
"GSM5050533","Non-healer","myeloid",36,0.00839160839160839
"GSM5050533","Non-healer","pericyte_smc",692,0.161305361305361
"GSM5050533","Non-healer","sweat_gland",22,0.00512820512820513
"GSM5050533","Non-healer","t_cell",73,0.017016317016317
"GSM5050534","Healthy","b_plasma",6,0.00124352331606218
"GSM5050534","Healthy","endothelial",162,0.0335751295336788
"GSM5050534","Healthy","fibroblast",1004,0.208082901554404
"GSM5050534","Healthy","keratinocyte",1423,0.294922279792746
"GSM5050534","Healthy","lymphatic_ec",85,0.0176165803108808
"GSM5050534","Healthy","mast",55,0.0113989637305699
"GSM5050534","Healthy","melanocyte",47,0.00974093264248705
"GSM5050534","Healthy","myeloid",175,0.0362694300518135
"GSM5050534","Healthy","pericyte_smc",1350,0.27979274611399
"GSM5050534","Healthy","sweat_gland",386,0.08
"GSM5050534","Healthy","t_cell",132,0.0273575129533679
"GSM5050538","Healthy","b_plasma",4,0.000740877940359326
"GSM5050538","Healthy","endothelial",498,0.0922393035747361
"GSM5050538","Healthy","fibroblast",974,0.180403778477496
"GSM5050538","Healthy","keratinocyte",1303,0.24134098907205
"GSM5050538","Healthy","lymphatic_ec",156,0.0288942396740137
"GSM5050538","Healthy","mast",54,0.0100018521948509
"GSM5050538","Healthy","melanocyte",153,0.0283385812187442
"GSM5050538","Healthy","myeloid",139,0.0257455084274866
"GSM5050538","Healthy","pericyte_smc",985,0.182441192813484
"GSM5050538","Healthy","sweat_gland",1074,0.198925726986479
"GSM5050538","Healthy","t_cell",59,0.0109279496203001
"GSM5050539","Healer","b_plasma",312,0.138666666666667
"GSM5050539","Healer","endothelial",16,0.00711111111111111
"GSM5050539","Healer","fibroblast",356,0.158222222222222
"GSM5050539","Healer","keratinocyte",12,0.00533333333333333
"GSM5050539","Healer","lymphatic_ec",80,0.0355555555555556
"GSM5050539","Healer","mast",25,0.0111111111111111
"GSM5050539","Healer","melanocyte",9,0.004
"GSM5050539","Healer","myeloid",644,0.286222222222222
"GSM5050539","Healer","pericyte_smc",445,0.197777777777778
"GSM5050539","Healer","t_cell",351,0.156
"GSM5050540","Healthy","b_plasma",273,0.093429158110883
"GSM5050540","Healthy","endothelial",31,0.0106091718001369
"GSM5050540","Healthy","fibroblast",1020,0.349075975359343
"GSM5050540","Healthy","lymphatic_ec",47,0.0160848733744011
"GSM5050540","Healthy","mast",2,0.000684462696783025
"GSM5050540","Healthy","melanocyte",63,0.0215605749486653
"GSM5050540","Healthy","myeloid",169,0.0578370978781656
"GSM5050540","Healthy","pericyte_smc",618,0.211498973305955
"GSM5050540","Healthy","sweat_gland",1,0.000342231348391513
"GSM5050540","Healthy","t_cell",698,0.238877481177276
"GSM5050547","Healer","b_plasma",59,0.0127429805615551
"GSM5050547","Healer","endothelial",235,0.050755939524838
"GSM5050547","Healer","fibroblast",1795,0.38768898488121
"GSM5050547","Healer","keratinocyte",205,0.0442764578833693
"GSM5050547","Healer","lymphatic_ec",45,0.00971922246220302
"GSM5050547","Healer","mast",21,0.00453563714902808
"GSM5050547","Healer","melanocyte",32,0.00691144708423326
"GSM5050547","Healer","myeloid",518,0.111879049676026
"GSM5050547","Healer","pericyte_smc",1487,0.321166306695464
"GSM5050547","Healer","t_cell",233,0.0503239740820734
"GSM5050548","Healthy","b_plasma",5,0.00142247510668563
"GSM5050548","Healthy","endothelial",248,0.0705547652916074
"GSM5050548","Healthy","fibroblast",558,0.158748221906117
"GSM5050548","Healthy","keratinocyte",650,0.184921763869132
"GSM5050548","Healthy","lymphatic_ec",54,0.0153627311522048
"GSM5050548","Healthy","mast",28,0.00796586059743954
"GSM5050548","Healthy","melanocyte",112,0.0318634423897582
"GSM5050548","Healthy","myeloid",168,0.0477951635846373
"GSM5050548","Healthy","pericyte_smc",1483,0.421906116642959
"GSM5050548","Healthy","sweat_gland",2,0.000568990042674253
"GSM5050548","Healthy","t_cell",207,0.0588904694167852
"GSM5050552","Healthy","endothelial",835,0.336286749899315
"GSM5050552","Healthy","fibroblast",215,0.0865888038662908
"GSM5050552","Healthy","keratinocyte",874,0.351993556182038
"GSM5050552","Healthy","lymphatic_ec",46,0.0185259766411599
"GSM5050552","Healthy","mast",114,0.0459122029802658
"GSM5050552","Healthy","melanocyte",17,0.00684655658477648
"GSM5050552","Healthy","myeloid",66,0.0265807490938381
"GSM5050552","Healthy","pericyte_smc",248,0.0998791784132098
"GSM5050552","Healthy","sweat_gland",1,0.000402738622633911
"GSM5050552","Healthy","t_cell",67,0.026983487716472
"GSM5050555","Healthy","b_plasma",8,0.00230880230880231
"GSM5050555","Healthy","endothelial",181,0.0522366522366522
"GSM5050555","Healthy","fibroblast",901,0.26002886002886
"GSM5050555","Healthy","keratinocyte",393,0.113419913419913
"GSM5050555","Healthy","lymphatic_ec",60,0.0173160173160173
"GSM5050555","Healthy","mast",363,0.104761904761905
"GSM5050555","Healthy","melanocyte",74,0.0213564213564214
"GSM5050555","Healthy","myeloid",204,0.0588744588744589
"GSM5050555","Healthy","pericyte_smc",958,0.276479076479076
"GSM5050555","Healthy","sweat_gland",201,0.058008658008658
"GSM5050555","Healthy","t_cell",122,0.0352092352092352
"GSM5050556","Healthy","b_plasma",11,0.00262404580152672
"GSM5050556","Healthy","endothelial",234,0.0558206106870229
"GSM5050556","Healthy","fibroblast",1020,0.243320610687023
"GSM5050556","Healthy","keratinocyte",908,0.216603053435115
"GSM5050556","Healthy","lymphatic_ec",69,0.0164599236641221
"GSM5050556","Healthy","mast",166,0.0395992366412214
"GSM5050556","Healthy","melanocyte",33,0.00787213740458015
"GSM5050556","Healthy","myeloid",125,0.0298187022900763
"GSM5050556","Healthy","pericyte_smc",1357,0.323711832061069
"GSM5050556","Healthy","sweat_gland",119,0.0283874045801527
"GSM5050556","Healthy","t_cell",150,0.0357824427480916
"GSM5050557","Non-healer","b_plasma",24,0.0056232427366448
"GSM5050557","Non-healer","endothelial",331,0.0775538894095595
"GSM5050557","Non-healer","fibroblast",926,0.216963448922212
"GSM5050557","Non-healer","keratinocyte",194,0.0454545454545455
"GSM5050557","Non-healer","lymphatic_ec",86,0.0201499531396439
"GSM5050557","Non-healer","mast",110,0.0257731958762887
"GSM5050557","Non-healer","melanocyte",57,0.0133552014995314
"GSM5050557","Non-healer","myeloid",983,0.230318650421743
"GSM5050557","Non-healer","pericyte_smc",909,0.212980318650422
"GSM5050557","Non-healer","sweat_gland",34,0.00796626054358013
"GSM5050557","Non-healer","t_cell",614,0.143861293345829
"GSM5050558","Non-healer","b_plasma",31,0.00908291825373572
"GSM5050558","Non-healer","endothelial",200,0.0585994726047466
"GSM5050558","Non-healer","fibroblast",626,0.183416349252857
"GSM5050558","Non-healer","keratinocyte",22,0.00644594198652212
"GSM5050558","Non-healer","lymphatic_ec",20,0.00585994726047466
"GSM5050558","Non-healer","mast",33,0.00966891297978318
"GSM5050558","Non-healer","melanocyte",10,0.00292997363023733
"GSM5050558","Non-healer","myeloid",838,0.245531790213888
"GSM5050558","Non-healer","pericyte_smc",887,0.259888661002051
"GSM5050558","Non-healer","t_cell",746,0.218576032815705
"GSM5050563","Non-healer","b_plasma",33,0.0133010882708585
"GSM5050563","Non-healer","endothelial",560,0.22571543732366
"GSM5050563","Non-healer","fibroblast",872,0.351471180975413
"GSM5050563","Non-healer","keratinocyte",178,0.071745264006449
"GSM5050563","Non-healer","lymphatic_ec",25,0.0100765820233777
"GSM5050563","Non-healer","mast",1,0.000403063280935107
"GSM5050563","Non-healer","melanocyte",15,0.0060459492140266
"GSM5050563","Non-healer","myeloid",23,0.00927045546150746
"GSM5050563","Non-healer","pericyte_smc",718,0.289399435711407
"GSM5050563","Non-healer","sweat_gland",5,0.00201531640467553
"GSM5050563","Non-healer","t_cell",51,0.0205562273276904
"GSM5050564","Healthy","b_plasma",1,0.000582750582750583
"GSM5050564","Healthy","endothelial",253,0.147435897435897
"GSM5050564","Healthy","fibroblast",196,0.114219114219114
"GSM5050564","Healthy","keratinocyte",261,0.152097902097902
"GSM5050564","Healthy","lymphatic_ec",48,0.027972027972028
"GSM5050564","Healthy","mast",3,0.00174825174825175
"GSM5050564","Healthy","melanocyte",51,0.0297202797202797
"GSM5050564","Healthy","myeloid",20,0.0116550116550117
"GSM5050564","Healthy","pericyte_smc",268,0.156177156177156
"GSM5050564","Healthy","sweat_gland",590,0.343822843822844
"GSM5050564","Healthy","t_cell",25,0.0145687645687646
"GSM5050566","Healer","b_plasma",19,0.0103373231773667
"GSM5050566","Healer","endothelial",432,0.235038084874864
"GSM5050566","Healer","fibroblast",170,0.0924918389553863
"GSM5050566","Healer","keratinocyte",263,0.143090315560392
"GSM5050566","Healer","lymphatic_ec",45,0.0244831338411317
"GSM5050566","Healer","mast",6,0.00326441784548422
"GSM5050566","Healer","melanocyte",37,0.0201305767138194
"GSM5050566","Healer","myeloid",37,0.0201305767138194
"GSM5050566","Healer","pericyte_smc",287,0.156147986942329
"GSM5050566","Healer","sweat_gland",90,0.0489662676822633
"GSM5050566","Healer","t_cell",452,0.245919477693145
"GSM5050567","Healthy","endothelial",161,0.204055766793409
"GSM5050567","Healthy","fibroblast",153,0.193916349809886
"GSM5050567","Healthy","keratinocyte",110,0.139416983523447
"GSM5050567","Healthy","lymphatic_ec",24,0.0304182509505703
"GSM5050567","Healthy","mast",17,0.0215462610899873
"GSM5050567","Healthy","melanocyte",5,0.00633713561470215
"GSM5050567","Healthy","myeloid",26,0.0329531051964512
"GSM5050567","Healthy","pericyte_smc",187,0.237008871989861
"GSM5050567","Healthy","sweat_gland",79,0.100126742712294
"GSM5050567","Healthy","t_cell",27,0.0342205323193916
"GSM5050568","Healthy","b_plasma",1,0.000692041522491349
"GSM5050568","Healthy","endothelial",263,0.182006920415225
"GSM5050568","Healthy","fibroblast",425,0.294117647058824
"GSM5050568","Healthy","keratinocyte",152,0.105190311418685
"GSM5050568","Healthy","lymphatic_ec",25,0.0173010380622837
"GSM5050568","Healthy","mast",21,0.0145328719723183
"GSM5050568","Healthy","melanocyte",57,0.0394463667820069
"GSM5050568","Healthy","myeloid",36,0.0249134948096886
"GSM5050568","Healthy","pericyte_smc",309,0.213840830449827
"GSM5050568","Healthy","sweat_gland",118,0.0816608996539792
"GSM5050568","Healthy","t_cell",38,0.0262975778546713
"GSM5050569","Healer","b_plasma",17,0.0050385299347955
"GSM5050569","Healer","endothelial",420,0.12448132780083
"GSM5050569","Healer","fibroblast",1821,0.539715471250741
"GSM5050569","Healer","keratinocyte",284,0.0841730883224659
"GSM5050569","Healer","lymphatic_ec",44,0.013040901007706
"GSM5050569","Healer","mast",2,0.000592768227622999
"GSM5050569","Healer","melanocyte",13,0.0038529934795495
"GSM5050569","Healer","myeloid",167,0.0494961470065204
"GSM5050569","Healer","pericyte_smc",509,0.150859513930053
"GSM5050569","Healer","sweat_gland",1,0.0002963841138115
"GSM5050569","Healer","t_cell",96,0.028452874925904
"GSM5050573","Healer","b_plasma",58,0.0198087431693989
"GSM5050573","Healer","endothelial",180,0.0614754098360656
"GSM5050573","Healer","fibroblast",363,0.123975409836066
"GSM5050573","Healer","keratinocyte",667,0.227800546448087
"GSM5050573","Healer","lymphatic_ec",74,0.0252732240437158
"GSM5050573","Healer","mast",12,0.00409836065573771
"GSM5050573","Healer","melanocyte",19,0.00648907103825137
"GSM5050573","Healer","myeloid",69,0.0235655737704918
"GSM5050573","Healer","pericyte_smc",1111,0.379439890710383
"GSM5050573","Healer","sweat_gland",18,0.00614754098360656
"GSM5050573","Healer","t_cell",357,0.121926229508197
"GSM5050574","Healthy","b_plasma",2,0.000677736360555744
"GSM5050574","Healthy","endothelial",781,0.264656048797018
"GSM5050574","Healthy","fibroblast",1152,0.390376143680108
"GSM5050574","Healthy","keratinocyte",112,0.0379532361911217
"GSM5050574","Healthy","lymphatic_ec",88,0.0298203998644527
"GSM5050574","Healthy","mast",53,0.0179600135547272
"GSM5050574","Healthy","melanocyte",70,0.023720772619451
"GSM5050574","Healthy","myeloid",38,0.0128769908505591
"GSM5050574","Healthy","pericyte_smc",453,0.153507285665876
"GSM5050574","Healthy","sweat_gland",85,0.0288037953236191
"GSM5050574","Healthy","t_cell",117,0.039647577092511
